{
    "name" : {
	    "text": "Biju (Rokubi)"
	},
	
	"icon": {
	    "type": "texture",
		"texture": "narutopack:textures/icons/biju/6.png"
	},
	
	"max_level": 1,
	
	"capsule_color": 16711680,
	
	"abilities": {
		"toggle_power": {
		    "ability": "lucraftcore:toggle_power",
			"icon": {
	            "type": "texture",
		        "texture": "narutopack:textures/icons/biju/6.png"
	        },
			"title": {
			    "text": "Biju State 1"
			},
			"bar_color": "white"
		},
		"god_mode": {
		    "ability": "heroesexpansion:god_mode",
			"icon": {
	            "type": "texture",
		        "texture": "narutopack:textures/icons/biju/6.png"
	        },
			"title": {
			    "text": "Biju State 2"
			},
			"bar_color": "white",
			"conditions": [
				{
					"type": "lucraftcore:ability",
					"ability": "toggle_power"
				}
			]
		},
		"god_mode_2": {
		    "ability": "heroesexpansion:god_mode",
			"icon": {
	            "type": "texture",
		        "texture": "narutopack:textures/icons/biju/6.png"
	        },
			"title": {
			    "text": "Biju State 3"
			},
			"bar_color": "white",
			"conditions": [
				{
					"type": "lucraftcore:ability",
					"ability": "god_mode"
				}
			]
		},
		"god_mode_3": {
		    "ability": "heroesexpansion:god_mode",
			"icon": {
	            "type": "texture",
		        "texture": "narutopack:textures/icons/biju/6.png"
	        },
			"title": {
			    "text": "Biju State 4"
			},
			"bar_color": "white",
			"conditions": [
				{
					"type": "lucraftcore:ability",
					"ability": "god_mode_2"
				}
			]
		},
		"size_change": {
		    "ability": "lucraftcore:size_change",
			"icon": {
	            "type": "texture",
		        "texture": "narutopack:textures/icons/biju/6.png"
	        },
			"title": {
			    "text": "Biju State 5"
			},
			"bar_color": "white",
			"size": 5,
			"size_changer": "lucraftcore:default",
			"conditions": [
				{
					"type": "lucraftcore:ability",
					"ability": "god_mode_3"
				}
			]
		},
		"healing": {
		    "ability": "lucraftcore:healing",
			"icon": {
	            "type": "texture",
		        "texture": "narutopack:textures/icons/biju/6.png"
	        },
			"title": {
			    "text": "Biju State 3 Healing"
			},
			"bar_color": "white",
			"frequency": 10,
			"amount": 0.5,
			"conditions": [
				{
					"type": "lucraftcore:ability",
					"ability": "god_mode_2"
				}
			]
		},
		"tough_lungs": {
		    "ability": "lucraftcore:tough_lungs",
			"icon": {
	            "type": "texture",
		        "texture": "narutopack:textures/icons/biju/6.png"
	        },
			"title": {
			    "text": "Biju State 4 Breathing"
			},
			"bar_color": "white",
			"conditions": [
				{
					"type": "lucraftcore:ability",
					"ability": "god_mode_3"
				}
			]
		}
	},
	
	"effects": [
		{
		    "type": "skin_overlay",
			            "texture": "narutopack:textures/models/naruto/biju/state_1.png",
			"size": 0,
			"conditions":[
				{
				    "type": "ability_enabled",
					"ability": "lucraftcore:toggle_power"
				}
			]
		},
		{
		    "type": "skin_overlay",
			            "texture": "narutopack:textures/models/naruto/biju/state_2.png",
			"size": 0.2,
			"conditions":[
				{
				    "type": "ability_enabled",
					"ability": "heroesexpansion:god_mode"
				},
				{
				    "type": "not",
					"conditions":[
					    {
							"type": "ability_enabled",
							"ability": "lucraftcore:healing"
						}
					]
				}
			]
		},
		{
		    "type": "skin_overlay",
			            "texture": "narutopack:textures/models/naruto/biju/state_3.png",
			"size": 0.3,
			"conditions":[
				{
				    "type": "ability_enabled",
					"ability": "lucraftcore:healing"
				},
				{
				    "type": "not",
					"conditions":[
					    {
							"type": "ability_enabled",
							"ability": "lucraftcore:tough_lungs"
						}
					]
				}
			]
		},
		{
		    "type": "skin_overlay",
			            "texture": "narutopack:textures/models/naruto/biju/state_4.png",
			"size": 0.4,
			"conditions":[
				{
				    "type": "ability_enabled",
					"ability": "lucraftcore:tough_lungs"
				},
				{
				    "type": "not",
					"conditions":[
					    {
							"type": "ability_enabled",
							"ability": "lucraftcore:size_change"
						}
					]
				}
			]
		},
		{
		    "type": "skin_overlay",
			            "texture": "narutopack:textures/models/naruto/biju/state_5_6.png",
			"size": 0.4,
			"conditions":[
				{
				    "type": "ability_enabled",
					"ability": "lucraftcore:size_change"
				}
			]
		}
	]
}