{
    "name" : {
	    "text": "Dojutsu: Byakugan (Right Eye) (Edo Tensei)"
	},
	
	"icon": {
	    "type": "texture",
		"texture": "narutopack:textures/icons/overflowicon5.png"
	},
	
	"max_level": 1,
	
	"capsule_color": 16711680,
	
	"abilities": {
		"toggle_power": {
		    "ability": "lucraftcore:toggle_power",
			"icon": {
	            "type": "texture",
		        "texture": "narutopack:textures/icons/overflowicon5.png"
	        },
			"title": {
			    "text": "Activate Byakugan"
			},
			"bar_color": "white"
		},
		"potion_punch": {
		    "ability": "lucraftcore:potion_punch",
			"potion": "minecraft:nausea",
			"amplifier": 1,
			"duration": 2,
			"title": {
			    "text": "Juken"
			},
			"conditions": [
				{
					"type": "lucraftcore:ability",
					"ability": "toggle_power"
				}
			],
			"bar_color": "white"
		},
		"god_mode": {
		    "ability": "heroesexpansion:god_mode",
			"damage": 12,
			"icon": {
	            "type": "texture",
		        "texture": "narutopack:textures/icons/overflowicon5.png"
	        },
			"title": {
			    "text": "Juho Soshiken"
			},
			"conditions": [
				{
					"type": "lucraftcore:ability",
					"ability": "toggle_power"
				}
			],
			"bar_color": "white"
		},
		"strength": {
	        "ability": "lucraftcore:strength",
		    "amount": 3.0,
		    "operation": 0,
		    "uuid": "421134d2-74f7-4a2b-8276-1dde988528e8",
			"conditions": [
				{
					"type": "lucraftcore:ability",
					"ability": "god_mode"
				}
			]
		},
		"command_loop": {
		    "ability": "lucraftcore:command_loop",
			"commands": [
			    "execute @e[tag!=byakugan] ~ ~ ~ /particle magicCrit ~ ~ ~ 0.1 5 0.1 0.001 100 force @a[tag=byakugan]",
				"scoreboard players tag @p add byakugan",
				"scoreboard players tag @p remove byakugan"
			],
			"conditions": [
				{
					"type": "lucraftcore:ability",
					"ability": "toggle_power"
				}
			]
		}
	},
	
	"effects": [
		{
		    "type": "glowing_hand",
			"color": [0.5, 0.6, 1],
			"size": 2,
			"conditions": [
			    {
				    "type": "ability_enabled",
					"ability": "heroesexpansion:god_mode"
				}
			]
		},
		{
		    "type": "skin_overlay",
			            "texture": "narutopack:textures/models/naruto/byakugan/byakuganright.png",
			"size": 0,
			"conditions":[
			    {  
				    "type": "always"
				}
			]
		},
		{
		    "type": "skin_overlay",
			            "texture": "narutopack:textures/models/naruto/edo/edotensei2left.png",
			"size": 0,
			"conditions":[
			    {  
				    "type": "always"
				}
			]
		},
		{
		    "type": "skin_overlay",
			            "texture": "narutopack:textures/models/naruto/byakugan/byakuganactiveright.png",
			"size": 0,
			"conditions":[
				{
				    "type": "ability_enabled",
					"ability": "lucraftcore:toggle_power"
				}
			]
		}
	]
}