{
    "name" : {
	    "text": "Edo Tensei"
	},
	
	"icon": {
	    "type": "texture",
		"texture": "narutopack:textures/icons/overflowicon5.png"
	},
	
	"max_level": 1,
	
	"capsule_color": 16711680,
	
	"abilities": {
		"strength": {
	        "ability": "lucraftcore:strength",
		    "amount": 3.0,
		    "operation": 0,
		    "uuid": "421134d2-74f7-4a2b-8276-1dde988528e8"
		}
	},
	
	"effects": [
		{
		    "type": "skin_overlay",
			            "texture": "narutopack:textures/models/naruto/edo/edotensei2.png",
			"size": 0,
			"conditions":[
			    {  
				    "type": "always"
				}
			]
		}
	]
}