{
    "name" : {
	    "text": "Hashirama Cells Face"
	},
	
	"icon": {
	    "type": "texture",
		"texture": "narutopack:textures/icons/radicon.png"
	},
	
	"max_level": 1,
	
	"capsule_color": 16777215,
	
	"abilities": [
	    {
		    "ability": "heroesexpansion:god_mode",
			"damage": 5,
			"cooldown": 500,
			"title": {
			    "text": "Activate Senju Sage Mode"
			},
			"bar_color": "white"
		}
	],
	
	"effects": [
	    {
		    "type": "skin_overlay",
			            "texture": "narutopack:textures/models/hcells/cellchanges/face.png",
			"size": 0,
			"conditions": [
			    {
				    "type": "always"
				}
			]
		},
		{
		    "type": "skin_overlay",
			            "texture": "narutopack:textures/models/hcells/abilities/treesagemode/m1.png",
			"size": 0.1,
			"conditions": [
			    {
				    "type": "always"
				}
			]
		},
		{
		    "type": "skin_overlay",
			            "texture": "narutopack:textures/models/hcells/abilities/treesagemode/m1.png",
			"size": 0.11,
			"conditions": [
			    {
				    "type": "always"
				}
			]
		},
		{
		    "type": "skin_overlay",
			            "texture": "narutopack:textures/models/hcells/abilities/treesagemode/m1.png",
			"size": 0.12,
			"conditions": [
			    {
				    "type": "always"
				}
			]
		},
		{
		    "type": "skin_overlay",
			            "texture": "narutopack:textures/models/hcells/abilities/treesagemode/m1.png",
			"size": 0.13,
			"conditions": [
			    {
				    "type": "always"
				}
			]
		},
		{
		    "type": "skin_overlay",
			            "texture": "narutopack:textures/models/hcells/abilities/treesagemode/m2.png",
			"size": 0.14,
			"conditions": [
			    {
				    "type": "always"
				}
			]
		},
		{
		    "type": "skin_overlay",
			            "texture": "narutopack:textures/models/hcells/abilities/treesagemode/m2_.png",
			"size": 0.15,
			"conditions": [
			    {
				    "type": "ability_enabled",
					"ability": "heroesexpansion:god_mode"
				}
			]
		}
	]
}