{
    "name" : {
	    "text": "Karma Seal"
	},
	
	"icon": {
	    "type": "texture",
		"texture": "narutopack:textures/icons/overflowicon5.png"
	},
	
	"max_level": 1,
	
	"capsule_color": 16711680,
	
	"abilities": {
		"god_mode": {
		    "ability": "heroesexpansion:god_mode",
			"icon": {
	            "type": "texture",
		        "texture": "narutopack:textures/icons/overflowicon5.png"
	        },
			"title": {
			    "text": "Activate Karma Seal"
			},
			"bar_color": "white"
		}
	},
	
	"effects": [
		{
		    "type": "skin_overlay",
			            "texture": "narutopack:textures/models/naruto/karma/karmaon.png",
			"size": 0.01,
			"conditions":[
				{
				    "type": "ability_enabled",
					"ability": "heroesexpansion:god_mode"
				}
			]
		},
		{
		    "type": "skin_overlay",
			            "texture": "narutopack:textures/models/naruto/karma/karmaoff.png",
			"size": 0,
			"conditions":[
				{
				    "type": "always"
				}
			]
		}
	]
}