{
    "name" : {
	    "text": "Heaven Curse Mark Liquid"
	},
	
	"icon": {
	    "type": "texture",
		"texture": "narutopack:textures/icons/curseicon.png"
	},
	
	"max_level": 1,
	
	"capsule_color" : 0,
	
	"abilities": {
		"stage_one": {
		    "ability": "lucraftcore:toggle_power",
			"icon": {
			    "type": "texture",
		        "texture": "narutopack:textures/icons/curseicon1.png"
	        },
			"title": {
			    "text": "Curse Mark: Stage 1"
			}
		},
		"stage_two": {
		    "ability": "lucraftcore:toggle_power",
			"icon": {
			    "type": "texture",
		        "texture": "narutopack:textures/icons/curseicon3.png"
	        },
			"title": {
			    "text": "Curse Mark: Stage 2"
			},
			"conditions": [
				{
					"type": "lucraftcore:ability",
					"ability": "stage_one"
				}
			]
		},
		"flight": {
			"ability": "lucraftcore:flight",
			"speed": 2,
			"sprint_speed": 6,
			"rotate_arms": false,
			"icon": {
			    "type": "texture",
		        "texture": "narutopack:textures/icons/curseicon3.png"
	        },
			"title": {
			    "text": "Curse Mark Wings"
			},
			"conditions": [
				{
					"type": "lucraftcore:ability",
					"ability": "stage_two"
				}
			]
		},
		"jump_boost": {
		    "ability": "lucraftcore:jump_boost",
			"amount": 0.5,
			"operation": 0,
			"uuid": "45307601-98f2-45d4-91cd-2877929f345b",
			"conditions": [
				{
					"type": "lucraftcore:ability",
					"ability": "stage_two"
				}
			]
		}
	},
	
	"effects": [
	    {
		    "type": "skin_overlay",
			            "texture": "narutopack:textures/models/markheaven/markheaven.png",
			"size": 0,
			"conditions": [
			    {
				    "type": "always"
				}
			]
		},
		{
		    "type": "skin_overlay",
			            "texture": "narutopack:textures/models/markheaven/markheaven11.png",
			"size": 0.01,
			"conditions": [
			    {
				    "type": "ability_enabled",
					"ability": "lucraftcore:toggle_power"
				}
			]
		},
		{
		    "type": "skin_overlay",
			            "texture": "narutopack:textures/models/markheaven/markheaven31.png",
			"size": 0.05,
			"conditions": [
			    {
				    "type": "ability_enabled",
					"ability": "lucraftcore:jump_boost"
				}
			]
		}
	]
}