{
    "name" : {
	    "text": "Original Curse Mark Liquid"
	},
	
	"icon": {
	    "type": "texture",
		"texture": "narutopack:textures/icons/orgicon1.png"
	},
	
	"max_level": 1,
	
	"capsule_color" : 8421504,
	
	"abilities": {
		"stage_one": {
		    "ability": "lucraftcore:toggle_power",
			"icon": {
			    "type": "texture",
		        "texture": "narutopack:textures/icons/orgicon1.png"
	        },
			"title": {
			    "text": "Curse Mark: Stage 1"
			},
			"bar_color": "gray"
		},
		"stage_two": {
		    "ability": "lucraftcore:toggle_power",
			"icon": {
			    "type": "texture",
		        "texture": "narutopack:textures/icons/orgicon2.png"
	        },
			"title": {
			    "text": "Curse Mark: Stage 2"
			},
			"conditions": [
				{
					"type": "lucraftcore:ability",
					"ability": "stage_one"
				}
			],
			"bar_color": "gray"
		},
		"fist_1": {
		    "ability": "heroesexpansion:god_mode",
			"icon": {
			    "type": "texture",
		        "texture": "narutopack:textures/icons/orgicon1.png"
	        },
			"title": {
			    "text": "Part Possesion: Fist"
			},
			"bar_color": "gray"
		},
		"punch": {
		    "ability": "lucraftcore:punch",
			"amount": 2.0,
			"operation": 0,
			"uuid": "644825f8-c378-4835-a805-3deeb3bc030e",
			"conditions": [
				{
					"type": "lucraftcore:ability",
					"ability": "fist_1"
				}
			]
		},
		"strength": {
		    "ability": "lucraftcore:strength",
			"amount": 4.0,
			"operation": 0,
			"uuid": "67c46052-2d7b-463c-95a1-b4c7c10f2194",
			"conditions": [
				{
					"type": "lucraftcore:ability",
					"ability": "fist_1"
				},
				{
				    "type": "lucraftcore:ability",
					"ability": "stage_one"
				}
			]
		},
		"knockback_resistance": {
		    "ability": "lucraftcore:knockback_resistance",
			"amount": 0.5,
			"operation": 0,
			"uuid": "7c095ee1-07a6-49d5-a732-afa4df4d8d80",
			"conditions": [
				{
					"type": "lucraftcore:ability",
					"ability": "stage_two"
				}
			]
		}
	},
	
	"effects": [
		{
		    "type": "skin_overlay",
			            "texture": "narutopack:textures/models/markoriginal/markoriginal.png",
			"size": 0,
			"conditions": [
			    {
				    "type": "always"
				}
			]
		},
		{
		    "type": "skin_overlay",
			            "texture": "narutopack:textures/models/markoriginal/markoriginal1.png",
			"size": 0.01,
			"conditions": [
			    {
				    "type": "ability_enabled",
					"ability": "lucraftcore:toggle_power"
				}
			]
		},
		{
		    "type": "skin_overlay",
			            "texture": "narutopack:textures/models/markoriginal/markoriginal2.png",
			"size": 0.01,
			"conditions": [
			    {
				    "type": "ability_enabled",
					"ability": "lucraftcore:knockback_resistance"
				}
			]
		},
		{
		    "type": "skin_overlay",
			            "texture": "narutopack:textures/models/markoriginal/fist1.png",
			"size": 0.01,
			"conditions": [
			    {
				    "type": "ability_enabled",
					"ability": "lucraftcore:punch"
				}
			]
		},
		{
		    "type": "skin_overlay",
			            "texture": "narutopack:textures/models/markoriginal/fist2.png",
			"size": 0.01,
			"conditions": [
			    {
				    "type": "ability_enabled",
					"ability": "lucraftcore:strength"
				}
			]
		},
		{
		    "type": "skin_change",
			"texture": "narutopack:textures/models/blanck.png",
			"conditions": [
			    {
				    "type": "ability_enabled",
					"ability": "lucraftcore:knockback_resistance"
				}
			]
		}
	]
}