{
    "name" : {
	    "text": "Dojutsu: Sharingan, 3 Tomoe (Edo Tensei)"
	},
	
	"icon": {
	    "type": "texture",
		"texture": "narutopack:textures/icons/overflowicon5.png"
	},
	
	"max_level": 1,
	
	"capsule_color": 16711680,
	
	"abilities": {
		"toggle_power": {
		    "ability": "lucraftcore:toggle_power",
			"icon": {
	            "type": "texture",
		        "texture": "narutopack:textures/icons/overflowicon5.png"
	        },
			"title": {
			    "text": "Activate Sharingan"
			},
			"bar_color": "white"
		}
	},
	
	"effects": [
		{
		    "type": "skin_overlay",
			            "texture": "narutopack:textures/models/naruto/edo/sharingan.png",
			"size": 0.01,
			"conditions":[
				{
				    "type": "ability_enabled",
					"ability": "lucraftcore:toggle_power"
				}
			]
		},
		{
		    "type": "skin_overlay",
			            "texture": "narutopack:textures/models/naruto/edo/edotensei2.png",
			"size": 0,
			"conditions":[
				{
				    "type": "always"
				}
			]
		}
	]
}