{
	"name": {
		"text": "Akatsuki Coat"
	},
	
	"armor_material": {
		"durability": 5000,
		"damage_reduction_amounts": [5, 9, 3, 2],
		"enchantibility": 15,
		"toughness": 0.0,
		"sound": "item.armor.equip_generic"
	},
	
	"description": {
		"text": "Clothing"
	},
	
	"creative_tab": "narutopack",
	
	"armor_parts": {
		
		"chest": {
			"openable": false,
			"glow": false,
			"armor_model_scale": 0.18,
			"name": {
				"text": "Akatsuki Coat"
			},
			"textures": {
				"normal": "narutopack:textures/models/armor/akatsuki/chestplate.png"
			},
			"item_texture": {
				"blockstate": "narutopack:aka1"
			}
		}
	}
}
