{
	"name": {
		"text": "Ancient Ninja Suit"
	},
	
	"armor_material": {
		"durability": 5000,
		"damage_reduction_amounts": [5, 9, 3, 2],
		"enchantibility": 15,
		"toughness": 0.0,
		"sound": "item.armor.equip_generic"
	},
	
	"description": {
		"text": "Anime Clothing: NARUTO SHIPPUDEN"
	},
	
	"creative_tab": "narutopack",
	
	"armor_parts": {
		
		"chest": {
			"openable": false,
			"glow": false,
			"armor_model_scale": 0.4,
			"name": {
				"text": "Ancient Ninja Armor Chestplate"
			},
			"textures": {
				"normal": "narutopack:textures/models/armor/madara/chestplate.png"
			},
			"item_texture": {
				"blockstate": "narutopack:mad21"
			}
		}
	},
	
	"effects": [
		{
		    "type": "skin_overlay",
			            "texture": "narutopack:textures/models/armor/madara/chestplateoverlay1.png",
			"size": 0.5,
			"conditions": [
			    {
				    "type": "always"
				}
			]
		},
		{
		    "type": "skin_overlay",
			            "texture": "narutopack:textures/models/armor/madara/chestplateoverlay2.png",
			"size": 0.7,
			"conditions": [
			    {
				    "type": "always"
				}
			]
		},
		{
		    "type": "skin_overlay",
			            "texture": "narutopack:textures/models/armor/madara/chestplateoverlay3.png",
			"size": 0.9,
			"conditions": [
			    {
				    "type": "always"
				}
			]
		},
		{
		    "type": "skin_overlay",
			            "texture": "narutopack:textures/models/armor/madara/chestplateoverlay4.png",
			"size": 1.1,
			"conditions": [
			    {
				    "type": "always"
				}
			]
		}
	]
}
