{
	"name": {
		"text": "Ancient Ninja Suit"
	},
	
	"armor_material": {
		"durability": 5000,
		"damage_reduction_amounts": [5, 9, 3, 2],
		"enchantibility": 15,
		"toughness": 0.0,
		"sound": "item.armor.equip_generic"
	},
	
	"description": {
		"text": "Anime Clothing: NARUTO SHIPPUDEN"
	},
	
	"creative_tab": "narutopack",
	
	"armor_parts": {
		
		"chest": {
			"openable": false,
			"glow": false,
			"armor_model_scale": 0.4,
			"name": {
				"text": "Ancient Ninja Armor Tunic"
			},
			"textures": {
				"normal": "narutopack:textures/models/armor/madara/chestplate.png"
			},
			"item_texture": {
				"blockstate": "narutopack:mad1"
			}
		},
		
		"legs": {
			"openable": false,
			"glow": false,
			"armor_model_scale": 0.1,
			"name": {
				"text": "Ancient Ninja Armor Leggings"
			},
			"textures": {
				"normal": "narutopack:textures/models/armor/madara/legs.png"
			},
			"item_texture": {
				"blockstate": "narutopack:mad1"
			}
		},
		
		"feet": {
			"openable": false,
			"glow": false,
			"armor_model_scale": 0.1,
			"name": {
				"text": "Ancient Ninja Armor Boots"
			},
			"textures": {
				"normal": "narutopack:textures/models/armor/madara/boots.png"
			},
			"item_texture": {
				"blockstate": "narutopack:mad1"
			}
		}
	}
}
