{
	"name": {
		"text": "Obito Uchiha"
	},
	
	"armor_material": {
		"durability": 5000,
		"damage_reduction_amounts": [5, 9, 3, 2],
		"enchantibility": 15,
		"toughness": 0.0,
		"sound": "item.armor.equip_generic"
	},
	
	"description": {
		"text": "Clothing"
	},
	
	"creative_tab": "narutopack",
	
	"armor_parts": {
		
		"chest": {
			"openable": true,
			"glow": false,
			"armor_model_scale": 0.6,
			"name": {
				"text": "Coat"
			},
			"textures": {
				"normal": "narutopack:textures/models/armor/coat/chestplate.png",
				"normal_open": "narutopack:textures/models/armor/coat/chestplate_open.png"
			},
			"item_texture": {
				"blockstate": "narutopack:coat1"
			}
		},
		
		"legs": {
			"openable": false,
			"glow": false,
			"armor_model_scale": 1.1,
			"name": {
				"text": "Spiral Zetsu"
			},
			"textures": {
				"normal": "narutopack:textures/models/armor/coat/legs2.png"
			},
			"item_texture": {
				"blockstate": "narutopack:coat1"
			}
		}
	}
}
