{
	"name": {
		"text": "Kimono"
	},
	
	"armor_material": {
		"durability": 5000,
		"damage_reduction_amounts": [5, 9, 3, 2],
		"enchantibility": 15,
		"toughness": 0.0,
		"sound": "item.armor.equip_generic"
	},
	
	"description": {
		"text": "Custom"
	},
	
	"creative_tab": "narutopack",
	
	"armor_parts": {
		
		"chest": {
			"openable": true,
			"glow": false,
			"armor_model_scale": 0.12,
			"name": {
				"text": "Kimono"
			},
			"textures": {
				"normal": "narutopack:textures/models/armor/kimono/chestplate.png",
				"normal_open": "narutopack:textures/models/armor/kimono/open.png"
			},
			"item_texture": {
				"blockstate": "narutopack:kimono1"
			}
		},
		
		"legs": {
			"openable": false,
			"glow": false,
			"armor_model_scale": 0.1,
			"name": {
				"text": "Trousers"
			},
			"textures": {
				"normal": "narutopack:textures/models/armor/kimono/legs.png"
			},
			"item_texture": {
				"blockstate": "narutopack:kimono1"
			}
		},
		
		"feet": {
			"openable": false,
			"glow": false,
			"armor_model_scale": 0.11,
			"name": {
				"text": "Boots"
			},
			"textures": {
				"normal": "narutopack:textures/models/armor/kimono/boots.png"
			},
			"item_texture": {
				"blockstate": "narutopack:kimono1"
			}
		}
	}
}
