{
	"name": {
		"text": "Black Zetsu"
	},
	
	"armor_material": {
		"durability": 5000,
		"damage_reduction_amounts": [5, 9, 3, 2],
		"enchantibility": 15,
		"toughness": 0.0,
		"sound": "item.armor.equip_generic"
	},
	
	"description": {
		"text": "Anime Clothing: NARUTO SHIPPUDEN"
	},
	
	"creative_tab": "narutopack",
	
	"armor_parts": {
		
		"chest": {
			"openable": false,
			"glow": false,
			"armor_model_scale": 0.18,
			"name": {
				"text": "Black Zetsu"
			},
			"textures": {
				"normal": "narutopack:textures/models/armor/kuroz/kurozetsu.png"
			},
			"item_texture": {
				"blockstate": "narutopack:kuroz1"
			}
		}
	},
	
	"abilities": {
	    "fire_resistance": {
		    "ability": "lucraftcore:fire_resistance"
		}
	},
	
	"effects": [
	    {
		    "type": "hud",
			            "texture": "narutopack:textures/hud/kurozetsu_hud.png",
			"conditions": [
				{
					"type": "always"
				}
			]
		}
	]
}
